[{"operation": "initial", "state": {"A": [50, 0, 0], "B": [200, 0, 0]}, "thread": -1}, {"operation": "READ(A)", "state": {"A": [50, 50, 0], "B": [200, 0, 0]}, "thread": 0}, {"old": 50, "thread": 0, "state": {"A": [53.0, 53.0, 0], "B": [200, 0, 0]}, "var": "A", "new": 53.0, "operation": "WRITE(A, 53.0)"}, {"operation": "READ(A)", "state": {"A": [53.0, 53.0, 53.0], "B": [200, 0, 0]}, "thread": 1}, {"old": 53.0, "thread": 1, "state": {"A": [153.0, 53.0, 153.0], "B": [200, 0, 0]}, "var": "A", "new": 153.0, "operation": "WRITE(A, 153.0)"}, {"operation": "READ(B)", "state": {"A": [153.0, 53.0, 153.0], "B": [200, 0, 200]}, "thread": 1}, {"old": 200, "thread": 1, "state": {"A": [153.0, 53.0, 153.0], "B": [100, 0, 100]}, "var": "B", "new": 100, "operation": "WRITE(B, 100)"}, {"operation": "READ(B)", "state": {"A": [153.0, 53.0, 153.0], "B": [100, 100, 100]}, "thread": 0}, {"old": 100, "thread": 0, "state": {"A": [153.0, 53.0, 153.0], "B": [106.0, 106.0, 100]}, "var": "B", "new": 106.0, "operation": "WRITE(B, 106.0)"}]